sentence_id,start,end,label
A001,18,31,PHONE
A002,35,51,PHONE
A003,24,39,PHONE
A004,27,41,PHONE
A005,62,77,PHONE
A006,14,32,PHONE
A007,20,32,PHONE
A008,23,39,PHONE
A009,58,74,PHONE
A010,50,65,PHONE
A011,18,31,PHONE
A012,27,46,PHONE
A013,38,51,PHONE
A014,35,49,PHONE
A015,46,62,PHONE
A016,47,70,IBAN
A017,58,87,IBAN
A018,49,76,IBAN
A019,57,80,IBAN
A020,46,76,IBAN
A021,49,86,IBAN
A022,31,55,IBAN
A023,32,55,IBAN
A024,42,78,IBAN
A025,28,50,IBAN
A026,39,62,IBAN
A027,31,68,IBAN
A028,17,47,IBAN
A029,24,48,IBAN
A030,31,59,IBAN
A031,29,51,EMAIL
A032,49,74,EMAIL
A033,23,46,EMAIL
A034,43,66,EMAIL
A035,10,34,EMAIL
A036,27,51,EMAIL
A037,38,63,EMAIL
A038,44,77,EMAIL
A039,23,47,EMAIL
A040,12,39,EMAIL
A041,17,51,EMAIL
A042,29,61,EMAIL
A043,33,57,EMAIL
A044,40,64,EMAIL
A045,62,86,EMAIL
A046,46,56,NATIONAL_ID
A047,16,26,NATIONAL_ID
A048,40,50,NATIONAL_ID
A049,39,49,NATIONAL_ID
A050,43,53,NATIONAL_ID
A051,30,40,NATIONAL_ID
A052,25,35,NATIONAL_ID
A053,12,22,NATIONAL_ID
A054,24,34,NATIONAL_ID
A055,26,36,NATIONAL_ID
A056,26,36,NATIONAL_ID
A057,31,41,NATIONAL_ID
A058,25,35,NATIONAL_ID
A059,26,36,NATIONAL_ID
A060,25,35,NATIONAL_ID
B001,18,30,PHONE
B002,62,78,PHONE
B003,37,53,PHONE
B004,24,39,PHONE
B005,46,59,PHONE
B006,19,38,PHONE
B007,41,54,PHONE
B008,19,33,PHONE
B009,22,38,PHONE
B010,34,50,PHONE
B011,16,30,PHONE
B012,57,74,PHONE
B013,23,37,PHONE
B014,36,52,PHONE
B015,32,46,PHONE
B016,67,91,IBAN
B017,41,64,IBAN
B018,62,98,IBAN
B019,70,92,IBAN
B020,38,61,IBAN
B021,55,92,IBAN
B022,57,87,IBAN
B023,43,67,IBAN
B024,26,54,IBAN
B025,55,84,IBAN
B026,57,79,IBAN
B027,75,103,IBAN
B028,53,83,IBAN
B029,40,70,IBAN
B030,40,69,IBAN
B031,73,105,EMAIL
B032,59,82,EMAIL
B033,54,85,EMAIL
B034,21,56,EMAIL
B035,41,68,EMAIL
B036,45,72,EMAIL
B037,61,85,EMAIL
B038,42,68,EMAIL
B039,17,50,EMAIL
B040,48,74,EMAIL
B041,25,50,EMAIL
B042,54,75,EMAIL
B043,64,88,EMAIL
B044,21,45,EMAIL
B045,19,46,EMAIL
B046,58,68,NATIONAL_ID
B047,59,69,NATIONAL_ID
B048,51,61,NATIONAL_ID
B049,50,60,NATIONAL_ID
B050,83,93,NATIONAL_ID
B051,51,61,NATIONAL_ID
B052,24,34,NATIONAL_ID
B053,54,64,NATIONAL_ID
B054,22,32,NATIONAL_ID
B055,29,39,NATIONAL_ID
B056,29,39,NATIONAL_ID
B057,19,29,NATIONAL_ID
B058,44,54,NATIONAL_ID
B059,42,52,NATIONAL_ID
B060,52,62,NATIONAL_ID
