sentence_id,start,end,label,note
I006,5,19,PHONE,
I006,32,57,EMAIL,
I009,39,49,NATIONAL_ID,
I011,14,39,EMAIL,
I012,21,31,NATIONAL_ID,
I014,14,48,EMAIL,
I015,32,42,NATIONAL_ID,
I019,21,48,EMAIL,
I020,16,34,PHONE,
I021,21,40,PHONE,adjudicated
I024,32,42,NATIONAL_ID,
I025,23,46,IBAN,
I026,31,56,EMAIL,
I027,14,38,EMAIL,
I028,5,19,PHONE,
I028,32,56,EMAIL,
I029,21,31,NATIONAL_ID,
I031,22,32,NATIONAL_ID,
I032,21,46,EMAIL,
I033,21,30,PHONE,gold_v2
I034,5,19,PHONE,
I034,32,66,EMAIL,
I042,16,30,PHONE,adjudicated
I044,10,18,PHONE,gold_v2
I047,10,27,PHONE,
I050,30,48,PHONE,
I053,19,34,PHONE,
I054,38,52,PHONE,
I058,23,46,IBAN,
I059,26,36,NATIONAL_ID,
I060,30,58,IBAN,
I062,5,19,PHONE,
I062,32,58,EMAIL,
I064,30,52,EMAIL,
I066,21,31,NATIONAL_ID,
I070,30,59,IBAN,
I071,22,32,NATIONAL_ID,
I073,21,34,PHONE,
I076,20,44,EMAIL,
I081,5,21,PHONE,
I081,34,68,EMAIL,
I084,20,28,PHONE,gold_v2
I085,23,46,IBAN,
I086,10,24,PHONE,
I087,21,31,NATIONAL_ID,
I094,18,48,IBAN,
I097,19,32,PHONE,
I111,5,19,PHONE,
I111,32,59,EMAIL,
I113,10,25,PHONE,
I114,10,22,PHONE,
I115,26,36,NATIONAL_ID,
I116,22,32,NATIONAL_ID,
I117,36,51,PHONE,
I118,22,32,NATIONAL_ID,
I119,30,57,IBAN,
I120,18,41,IBAN,
I122,32,42,NATIONAL_ID,
I123,23,60,IBAN,
I127,31,57,EMAIL,
I129,30,54,IBAN,
I132,30,48,PHONE,
I140,20,33,PHONE,
I146,23,60,IBAN,
I150,32,42,NATIONAL_ID,
I154,10,24,PHONE,adjudicated
I158,32,42,NATIONAL_ID,
I161,32,42,NATIONAL_ID,
I166,18,40,IBAN,
I168,22,32,NATIONAL_ID,
I169,5,21,PHONE,
I169,34,58,EMAIL,
I172,10,24,PHONE,
I177,14,39,EMAIL,
I179,18,41,IBAN,
I180,21,53,EMAIL,
I181,10,23,PHONE,
I183,10,27,PHONE,
I184,22,45,EMAIL,
I185,14,36,EMAIL,
I186,10,26,PHONE,
I193,30,66,IBAN,
I195,24,54,IBAN,adjudicated
I198,14,39,EMAIL,
I199,23,46,IBAN,
I200,26,36,NATIONAL_ID,
I204,18,42,IBAN,
I206,21,46,EMAIL,
I208,21,53,EMAIL,
I209,32,42,NATIONAL_ID,
I210,22,55,EMAIL,
I212,32,42,NATIONAL_ID,
I214,26,36,NATIONAL_ID,
I216,24,51,EMAIL,
I219,19,33,PHONE,
I226,24,34,NATIONAL_ID,
I228,22,32,NATIONAL_ID,
I231,22,32,NATIONAL_ID,
I232,24,47,IBAN,adjudicated
I234,22,32,NATIONAL_ID,
I235,19,27,PHONE,gold_v2
I239,14,39,EMAIL,
I248,20,37,PHONE,
I249,21,37,PHONE,
I253,24,60,IBAN,adjudicated
I258,36,50,PHONE,adjudicated
I259,18,46,IBAN,
I261,30,40,PHONE,gold_v2
I264,5,19,PHONE,
I264,32,55,EMAIL,
I265,19,36,PHONE,
I266,10,26,PHONE,
I269,39,49,NATIONAL_ID,
I272,20,52,EMAIL,
I275,30,59,IBAN,
I276,5,19,PHONE,
I276,32,57,EMAIL,
I278,22,32,NATIONAL_ID,
I279,20,38,PHONE,
I296,16,33,PHONE,
I299,30,52,EMAIL,
I306,24,47,IBAN,adjudicated
I307,39,49,NATIONAL_ID,
I308,5,19,PHONE,
I308,32,57,EMAIL,
I309,18,55,IBAN,
I311,22,32,NATIONAL_ID,
I312,20,41,EMAIL,
I313,24,49,EMAIL,
I314,24,48,IBAN,gold_v2
I316,22,32,NATIONAL_ID,
I322,14,40,EMAIL,
I323,19,33,PHONE,adjudicated
I325,31,53,EMAIL,
I329,18,55,IBAN,
I330,21,36,PHONE,
