item_id,text
I001,Proceeds of the song benefited the New Zealand children's health research charity Cure Kids.
I002,إيسي هوليس (الإنجليزية: Essie Hollis) مواليد 16 مايو 1955 في إيري، هو لاعب كرة سلة أمريكي معتزل.
I003,جويل فاينبيرغ (الإنجليزية: Joel Feinberg) هو فيلسوف وأستاذ جامعي أمريكي، ولد في 19 أكتوبر 1926 في ديترويت في الولايات المتحدة، وتوفي في 29 مارس 2004 في توسان في الولايات المتحدة.
I004,"Like all eagles, it is in the family Accipitridae."
I005,Her student number is 57430034.
I006,Call +973 3935 4548 or write to ahmed.ahmed34@outlook.com to reschedule.
I007,تبلغ مساحة هذه المدينة 22.6 (كم²)، وترتفع عن سطح البحر 1226 م، بلغ عدد سكانها 16735 نسمة في عام 2010 حسب إحصاء مكتب تعداد الولايات المتحدة .
I008,وزارة شؤون المحاربين القدامى (الإنجليزية: Department of Veterans' Affairs) هي وزارة في حكومة أستراليا تأسست عام 1976وهي مكلفة بتقديم البرامج الحكومية للمحاربين القدامى وأفراد قوات الدفاع الأسترالية والشرطة الفيدرالية الأسترالية وعائلاتهم.
I009,The visa application lists national ID ２８６９６１０９１２ for the main applicant.
I010,Her student number is 75398780.
I011,بعت الملف على yousef.yousef51@yahoo.com please check.
I012,الرقم الوطني للمتقدم 1338648207 وقد تم التحقق منه.
I013,"The municipality had a population of 2,119 (2004-12-31) and covered an area of 364.76km2 of which 21.99km2 is water."
I014,بعت الملف على ahmed.hassan84@uotechnology.edu.iq please check.
I015,Please bring the ID card number ۱۲۸۰۳۰۵۲۲۴ to the counter.
I016,نادي أوسترس (السويدية: Östers Idrottsförening) هو فريق كرة قدم من مدينة فاكسيو في السويد، أُسس بتاريخ 20 أبريل 1930، يلعب في سوبرتان، في Spiris Arena ‏، يدرب النادي Thomas Askebrand ‏.
I017,عمليات القتل في حفرة كازاني تشير إلى القتل الجماعي لأغلب الصرب الذين يعيشون داخل سراييفو المحاصرة على يد قوات موشان توبالوفيتش قائد لواء الجبل العاشر في جيش جمهورية البوسنة والهرسك خلال حرب البوسنة والهرسك.
I018,رقم الطلب 7346328051 قيد التجهيز.
I019,يرجى إرسال الطلب إلى hassan.fatima38@company.com قبل نهاية الأسبوع.
I020,رقم هاتف المدير +966 (53) 883 7639 ويمكنك مراسلته أيضًا.
I021,"My number changed to +964 (78) 076 82312, please update your records."
I022,سونيا بدأت المسابقة في عام 2002 في تورونتو، أونتاريو بكندا.
I023,قام مكتب المساعدة السكرتارية للاستجابة والاستعداد (ASPR) وزارة الصحة و الخدمات البشرية بالإدارة للمخزون الوطني الاستراتيجي منذ 1-10-2018 قبل ذلك، ثم إدارة المخزون من قبل (مراكز السيطرة على الأمراض و الوقاية منها) (CDC).
I024,Please bring the ID card number 2422208123 to the counter.
I025,"Our bank details: IBAN iq54nbob642871121975839, beneficiary Al-Noor Trading."
I026,عنوان المراسلة الخاص بالقسم هو yousef.yousef87@gmail.com.
I027,بعت الملف على hassan.ahmed73@gmail.com please check.
I028,Call +973 3917 7495 or write to layla.mariam94@gmail.com to reschedule.
I029,الرقم الوطني للمتقدم 2340951616 وقد تم التحقق منه.
I030,استعار نيوتن هذا المبدأ من ديكارت وأدرجه في مبادئه ؛ ولا زلنا حتى يومنا هذا، نشير عمومًا له باسم قانون نيوتن الأول للحركة.
I031,الـ national ID بتاعه 2269785281 مسجل عندنا.
I032,يرجى إرسال الطلب إلى ahmed.ahmed67@outlook.com قبل نهاية الأسبوع.
I033,"My number changed to 010762688, please update your records."
I034,Call +973 3858 3854 or write to ahmed.fatima77@uotechnology.edu.iq to reschedule.
I035,عدد الزوار بلغ 8626509161 زائرًا هذا العام.
I036,Elizabeth Broadingham (died 20 March 1776) was a British murderer.
I037,في فيزياء الجسيمات، الكواركونيوم (من الكوارك و-أونيوم، أيضًا.
I038,2000 دابليو بي 55 (ويعرف أيضًا باسم (23227) 2000 دابليو بي 55 وفق تسمية الكوكب الصغير) (الإنجليزية: 2000 WP55)؛ هو كويكب ضمن حزام الكويكبات.
I039,أسبوع المرافع أو عيد المَسلِنتسة أو (نقحرة: ماسلينيتسا) (بالروسية: Ма́сленица؛ بالإنكليزية: Maslenitsa) أو أسبوع السمن هو أحتفال روسي سلافي يرجع تاريخه إلى عصر الوثنية السلافية.
I040,هوکور هیدار هوکسون (الآيسلندية: Haukur Heiðar Hauksson) (و.
I041,The municipality comprises the towns of Diegem and Machelen proper.
I042,رقم هاتف المدير +965.509.84579 ويمكنك مراسلته أيضًا.
I043,The race was the 8th round of the 2019 FIA Formula One World Championship.
I044,كلمني على 30842495 when you land.
I045,Version 3.73.0 was released on 2025-11-30.
I046,سي أو بي إي (ويعرف أيضًا باسم 9997 سي أو بي إي وفق تسمية الكوكب الصغير) (الإنجليزية: COBE) هو كويكب ضمن حزام الكويكبات؛ وترتيبه 9997 من حيث الاكتشاف.
I047,كلمني على +964 780 615 0778 when you land.
I048,عدد الزوار بلغ 5898666384 زائرًا هذا العام.
I049,تبلغ مساحتها 93.8 (كم²)، وترتفع عن سطح البحر 294 م، بلغ عدد سكانها 2866 نسمة في عام تعداد الولايات المتحدة 2000 حسب إحصاء مكتب تعداد الولايات المتحدة وتصل الكثافة السكانية فيها 31.9 نسمة/كم2.
I050,للاستفسار يرجى الاتصال بالرقم +966 (53) 083 4832 خلال ساعات الدوام.
I051,"It was released by Victor Records, in 1940."
I052,Order 4478697745 shipped on 12 March and should arrive within 9 days.
I053,اتصل بالمستشفى على +20-11-60840163 للحجز.
I054,"Hi Sara, the courier will call you on +965.6099.7678 tomorrow morning."
I055,اتهمته مراجعة حسابات الأمم المتحدة، التي أصدرتها الحكومة الأمريكية في عام 2008، بشأن تصرفات كلاين في كل من البوسنة وليبيريا، بدور مهم في عدد من الفضائح، على الرغم من تبرئته من الفساد على وجه التحديد.
I056,رقم هوية الطالب 2579085564 مسجل في الجامعة.
I057,الفاتورة رقم 198645 بقيمة 0048 ريال.
I058,يُودع الراتب في الحساب iq75cbjo583577671079480 في نهاية الشهر.
I059,رقم الإقامة الخاص بالموظف 1054198555.
I060,رقم الآيبان الخاص بالجمعية هو AE14 2250 3186 1761 3175 809.
I061,منظمة تودت (OT) هي منظمة للهندسة المدنية والعسكرية في ألمانيا النازية من 1933 إلى 1945، سميت باسم مؤسسها، فريتز تودت، مهندس نازي.
I062,Call +973 3610 7797 or write to fatima.ahmed85@outlook.com to reschedule.
I063,ساهم في إنتاج السلسلة، عدة فنانين، وهم سام كيث، ومايك درينجينبيرج، وجيل طومسون، وشون مكمانوس، ومارك همبل، ومايكل زولي.
I064,Applicants should send CVs to noor.noor4@outlook.com before the deadline.
I065,Version 3.34.7 was released on 2025-11-30.
I066,الرقم الوطني للمتقدم 1172627562 وقد تم التحقق منه.
I067,Population: 9658249981 (2020 estimate).
I068,Version 3.22.5 was released on 2025-11-30.
I069,Eco Örebro was a Swedish professional basketball club in Örebro.
I070,رقم الآيبان الخاص بالجمعية هو eg461931008997490161253273520.
I071,الـ national ID بتاعه 2239517664 مسجل عندنا.
I072,"McIntyre served with the Leicestershire Regiment during the First World War, going to the Western Front at the end of 1914 and seeing action at the Battle of Neuve Chapelle in March 1915, following which he was promoted to captain in June 1915."
I073,"My number changed to +201175038701, please update your records."
I074,The Bone Cancer Research Trust (BCRT) is a charity dedicated to fighting primary bone cancer.
I075,رقم هوية الطالب 1282110395 مسجل في الجامعة.
I076,Her work address is ahmed.hassan64@yahoo.com; she checks it daily.
I077,"The Venetian regional election of 2015 took place in Veneto on 31 May 2015, as part of a big round of regional elections in Italy."
I078,افتح الباب رقم 92 في الطابق 1.
I079,الفاتورة رقم 359305 بقيمة 1697 ريال.
I080,Her student number is 90939497.
I081,Call +966 50 699 1220 or write to yousef.ahmed39@uotechnology.edu.iq to reschedule.
I082,"Bin Roye Ansoo (Urdu: بن روے آنسو ; lit: Tears, Without Crying) is a novella by Pakistani fiction writer Farhat Ishtiaq, published in 2010."
I083,Passport no. A39333107 was renewed last spring.
I084,Reach our branch on ５２３３５０９７ for appointments.
I085,يُودع الراتب في الحساب iq41nbok734150955315986 في نهاية الشهر.
I086,كلمني على +9647702250296 when you land.
I087,الرقم الوطني للمتقدم 1967174619 وقد تم التحقق منه.
I088,The identity of the donor remains confidential; 5398022147 donations were received.
I089,رئيس التحرير الحالي هو خوان ليرما جوميز ( المجلس الوطني الإسباني للبحوث ).
I090,The ticket number is 827924871; keep it for the refund.
I091,Michael Kolář (born 21 December 1992) is an Enduro mountain bike racer.
I092,Population: 2490712199 (2020 estimate).
I093,and Emily Fulton bought the house in 1923 as a summer home.
I094,الـ IBAN الخاص بي kw30nbob2391229298035474528901 حول عليه.
I095,رقم هوية الطالب 2990457484 مسجل في الجامعة.
I096,Flight SV348 leaves from gate 61A at 14:05.
I097,اتصل بالمستشفى على 0096565683846 للحجز.
I098,"بلغ عدد سكانه 740,668 نسمة عام 2007."
I099,"Visit us at building 639, street 37, from 08:00 to 16:00."
I100,رقم الطلب 7868564510 قيد التجهيز.
I101,Dial *172# to check your balance.
I102,"This species is found largely in primary forests with tall trees, although can be found in many forest types."
I103,"Waking Up, the band's second studio album, was released in November 2009."
I104,Passport no. A86035024 was renewed last spring.
I105,"Leucetta chagosensis, also called the lemon sponge, is a species of calcareous sponge in the family Leucettidae, and was first described in 1913 by Arthur Dendy."
I106,The identity of the donor remains confidential; 0397854785 donations were received.
I107,انتخب عضو مجلس نواب ميشيغان ‏ وانتخب عضو مجلس النواب الأمريكي.
I108,افتح الباب رقم 48 في الطابق 2.
I109,"قد يقصد من «اختفاء» :

اختفاء (صاحب العمل): صاحب العمل لا يتابع مع مرشح الوظيفة بعد المقابلة."
I110,الكسندر لانغر (الإيطالية: Alexander Langer) هو عالم بيئة وناشط سلام وصحفي وكاتب وسياسي إيطالي، ولد في 22 فبراير 1946 في إيطاليا، وتوفي في 3 يوليو 1995 في فلورنسا في إيطاليا.
I111,Call +973 3763 9236 or write to hassan.yousef23@company.com to reschedule.
I112,Dial *031# to check your balance.
I113,كلمني على +20-15-71336885 when you land.
I114,كلمني على +96565925270 when you land.
I115,رقم الإقامة الخاص بالموظف 1191927221.
I116,الـ national ID بتاعه 2064567300 مسجل عندنا.
I117,"Emergency contact: Mr. Khalid, tel. 009647708082362."
I118,الـ national ID بتاعه 2537089315 مسجل عندنا.
I119,رقم الآيبان الخاص بالجمعية هو BH72 BBME 8979 6428 1582 93.
I120,الـ IBAN الخاص بي ae404906986604794938506 حول عليه.
I121,Account balance: 005513.75 SAR as of yesterday.
I122,Please bring the ID card number ۱۸۱۵۵۱۷۲۸۹ to the counter.
I123,"Our bank details: IBAN KW97 BBME 7298 5530 8473 6411 4888 76, beneficiary Al-Noor Trading."
I124,يانغ مو (بالصينية: 杨沫) (ولدت: 25 أغسطس 1914-11 ديسمبر 1995)؛ روائية صينية.
I125,رقم الطلب 8038005010 قيد التجهيز.
I126,Reference no. 844497148 refers to the 2021 audit.
I127,عنوان المراسلة الخاص بالقسم هو fatima.layla58@outlook.com.
I128,افتح الباب رقم 02 في الطابق 4.
I129,رقم الآيبان الخاص بالجمعية هو sa3699415294316428243409.
I130,هيا بنت الحسين (3 مايو 1974 -)، أميرة أردنية.
I131,Reference no. 232637473 refers to the 2021 audit.
I132,للاستفسار يرجى الاتصال بالرقم +966 (59) 710 8109 خلال ساعات الدوام.
I133,الشحنة 044251055 وصلت إلى الميناء.
I134,"It was founded earlier than that, however, in 1662, as place for ""repentant girls"" and later ""debauched women and girls."" The former Parisian prison was located between the current group of buildings bearing No."
I135,تشير الأدلة الأثرية إلى أنه تم إنشاؤه من قبل قدماء المصريين في عصر المملكة القديمة خلال حكم الفرعون خفرع (حوالي 2558–2532 قبل الميلاد).
I136,عدد الزوار بلغ 8310404404 زائرًا هذا العام.
I137,"The street begins in the town of Montreal West and ends on the extreme tip of the island in Pointe-aux-Trembles, intersecting Gouin Boulevard and joining up with Notre-Dame Street."
I138,Assassin's Creed II is a 2009 action-adventure game developed by Ubisoft Montreal and published by Ubisoft.
I139,الكويكب  228111، التعين المؤقت له  الكويكب  2008TK10.
I140,Reach our branch on +９７１５４５６５５４２２ for appointments.
I141,"Shine Honesty is the first studio album by the band Quiet Company released on March 20, 2006, by Northern Records of Los Angeles California."
I142,Reference no. 667383392 refers to the 2021 audit.
I143,"Visit us at building 038, street 57, from 08:00 to 16:00."
I144,تُوِّج نادي الاتحاد القاسمي بلقب البطولة للمرة الأولى والوحيدة في تاريخه بعد فوزه على نادي النهضة السطاتية بركلات الترجيح 8–7 عقب التعادل 1–1 في المباراة النهائية التي أُقيمت يوم 2 نوفمبر 2002 على المركب الرياضي الأمير مولاي عبد الله في الرباط.
I145,Card ending 4357 was charged; full number 4378435743574357 (do not store).
I146,"Our bank details: IBAN JO10 NBOK 7282 8351 6484 2278 9397 47, beneficiary Al-Noor Trading."
I147,"""No Plan"") is a song recorded by Kosovar rapper Loredana featuring German rapper Mero, released as the fourth single from her debut studio album King Lori (2019)."
I148,تم اكتشافها في عام 1938 من قبل هارلو شابلي بينما كان في جنوب أفريقيا على لوحات التصوير الفوتوغرافي التي أخذت بواسطة مقراب بروس عاكس 24 بوصة (61 سم) في مرصد بويدن ، بعد وقت قصير من اكتشاف مجرة النحات القزمة.
I149,Order 6955964834 shipped on 12 March and should arrive within 5 days.
I150,Please bring the ID card number ٢٦٦٠٥٣٩٦٨٤ to the counter.
I151,All contemporary 45 states were part of the 1900 United States presidential election.
I152,"The album's lead single, ""All the Right Moves"", became a top ten hit in multiple countries, including Ireland and Switzerland."
I153,"The theater also includes poetry and recitation workshops ""Jaśniewicz recytuje, spróbuj i Ty!"" (""Jaśniewicz recites, try it!""), reading performances, meetings with authors and theater lessons."
I154,كلمني على +965.511.84533 when you land.
I155,The report has 568 pages and was printed in 7081 copies.
I156,"The song was remixed for issue as a single, which is different from the album version, although they both have the same running time."
I157,Clair Township in the late 1760s and eventually owned 413 acres.
I158,Please bring the ID card number 2636158218 to the counter.
I159,رقم الطلب 0775968121 قيد التجهيز.
I160,Active again since 2023 with Chuck Collison once again at the helm.
I161,Please bring the ID card number 1606275928 to the counter.
I162,عدد الزوار بلغ 8243274919 زائرًا هذا العام.
I163,The ticket number is 910497427; keep it for the refund.
I164,"Remastered versions of Assassin's Creed II, along with Brotherhood and Revelations, were released as part of The Ezio Collection compilation for the PlayStation 4 and Xbox One on November 15, 2016, and for the Nintendo Switch on February 17, 2022."
I165,علي مسعد علي زيد اللهبي برلماني يمني، عضو في مجلس النواب، عن الدورة البرلمانية 2003-2009 والكتلة البرلمانية لنواب حزب المؤتمر الشعبي العام عن الدائرة الانتخابية رقم (107) بمحافظة إب.
I166,الـ IBAN الخاص بي BH12BBME73033269180417 حول عليه.
I167,It is the third highest residential building in Espoo after Niittyhuippu and Meritorni.
I168,الـ national ID بتاعه 2296379456 مسجل عندنا.
I169,Call +966 56 923 4234 or write to ahmed.noor40@company.com to reschedule.
I170,Passport no. A05953975 was renewed last spring.
I171,"Liebaert is a surname of Dutch (Flemish) origin, occurring particularly in Belgium, where a family of this name was ennobled in 1930."
I172,كلمني على +973.3809.2377 when you land.
I173,"All of the tracks were recorded at Victor studios in Camden, New Jersey on April 26, 1940, except ""Dust Cain't Kill Me"" and ""Dust Pneumonia Blues"" which were recorded on May 3."
I174,وقد لاحظ المعلقون الاجتماعيون والسياسيون في جنوب أفريقيا، مثل جوناثان يانسن   وستيفن جروتس،  قدرة الأغنية على زيادة الانقسامات العرقية   والاستقطاب مع تقوية المتطرفين على جانبي الطيف السياسي للبلاد.
I175,Without you Laden) is a 2010 Indian Hindi-language satire comedy film produced by sisters Pooja Shetty Deora and Aarti Shetty under Walkwater Media and written and directed by debutante Abhishek Sharma.
I176,لعب مع سويندون تاون ونادي إكزتر سيتي ونادي بورتسموث ونادي ريدنغ ونادي لوتون تاون ونادي ليتون أورينت ووست هام يونايتد.
I177,بعت الملف على noor.hassan56@outlook.com please check.
I178,الشحنة 619518317 وصلت إلى الميناء.
I179,الـ IBAN الخاص بي ae802213743503028594620 حول عليه.
I180,يرجى إرسال الطلب إلى layla.omar88@uotechnology.edu.iq قبل نهاية الأسبوع.
I181,كلمني على +966592340032 when you land.
I182,Account balance: 670169.75 SAR as of yesterday.
I183,كلمني على +964.780.561.1712 when you land.
I184,Subscribe by emailing noor.fatima12@yahoo.com with the word JOIN.
I185,بعت الملف على ahmed.omar38@yahoo.com please check.
I186,كلمني على +966 53 737 4272 when you land.
I187,Account balance: 647241.75 SAR as of yesterday.
I188,عام 1947، أطلق المجلس الأمريكي للأسماء الجغرافية اسم جليد جرف روس على هذا المَعلم ونشره في دليل أنتاركتيكا الأمريكي الأصلي.
I189,Aaron James Ramsey (born 21 January 2003) is an English professional footballer who plays as a winger or attacking midfielder for EFL Championship club Burnley.
I190,Loyola was established in 1920.
I191,The report has 089 pages and was printed in 0532 copies.
I192,الشحنة 475550644 وصلت إلى الميناء.
I193,رقم الآيبان الخاص بالجمعية هو EG54 8383 7507 2478 8587 1867 8498 1.
I194,Parcel tracking code 5674384549 is not yet active.
I195,The salary is paid into kw54nbob8290043511351659448420 on the 25th of each month.
I196,He was a handball player for CSKA Moscow between 1974 and 1987 and since 1987 he served in the administrative side of CSKA.
I197,The ticket number is 259707236; keep it for the refund.
I198,بعت الملف على fatima.noor49@company.com please check.
I199,"Our bank details: IBAN iq23nbob524268220645300, beneficiary Al-Noor Trading."
I200,رقم الإقامة الخاص بالموظف 2143667010.
I201,"State voters chose four electors to the Electoral College, which selected the president and vice president."
I202,Parcel tracking code 5169412414 is not yet active.
I203,"Lower Redwater Lake is a freshwater lake in the municipality of Temagami of Northeastern Ontario, Canada."
I204,الـ IBAN الخاص بي SA7801352018180493476034 حول عليه.
I205,بيرتا كارليك (الألمانية: Berta Karlik) هي فيزيائية نمساوية، ولدت فب 14 يناير 1904 وتوفيت في 4 فبراير 1990.
I206,يرجى إرسال الطلب إلى layla.ahmed67@company.com قبل نهاية الأسبوع.
I207,Troell's work left a lasting impact on medical research and defense healthcare in Sweden.
I208,يرجى إرسال الطلب إلى ahmed.omar76@uotechnology.edu.iq قبل نهاية الأسبوع.
I209,Please bring the ID card number ۲۷۵۶۴۳۷۴۲۸ to the counter.
I210,Subscribe by emailing ahmed.layla16@uotechnology.edu.iq with the word JOIN.
I211,جون كانون (الإنجليزية: John Cannon) (و.
I212,Please bring the ID card number １３９０６１７７３２ to the counter.
I213,1999 تي أم 107 (ويعرف أيضًا باسم (60052) 1999 تي أم 107 وفق تسمية الكوكب الصغير) (الإنجليزية: 1999 TM107)؛ هو كويكب ضمن حزام الكويكبات.
I214,رقم الإقامة الخاص بالموظف 2433033363.
I215,Order 6838405039 shipped on 12 March and should arrive within 3 days.
I216,For complaints write to fatima.mariam48@company.com and quote your reference.
I217,The ticket number is 030722593; keep it for the refund.
I218,وتضيف تجميلات لغوية مستوحاة من بايثون وروبي وهاسكل في مسعى لتحسين جافا سكريبت من حيث الإيجاز وسهولة القراءة.
I219,اتصل بالمستشفى على 00201154780536 للحجز.
I220,Card ending 8224 was charged; full number 4923822482248224 (do not store).
I221,Order 6439142194 shipped on 12 March and should arrive within 4 days.
I222,Dial *817# to check your balance.
I223,Version 3.85.1 was released on 2025-11-30.
I224,Population: 8955284807 (2020 estimate).
I225,"He was Professor Emeritus in the School of Historical Studies at the Institute for Advanced Study in Princeton, New Jersey, where he served as Professor in the School of Historical Studies from 1970 until he retired in 1987."
I226,"Mr. Yusuf's civil ID is 2853040323, issued in 2019."
I227,Flight SV608 leaves from gate 95A at 14:05.
I228,الـ national ID بتاعه 2260031939 مسجل عندنا.
I229,وقدم في هذا العمل بيانًا منهجيًا عن الميتافيزيقيا والفلسفة الطبيعية، ويمثل أول تفسير ميكانيكي شامل حقًا للكون.
I230,"محمد عبد الرحمن (ممثل)
 محمد عبد الرحمن بيصار شيخ الأزهر (1979 - 1982)."
I231,الـ national ID بتاعه 2625219662 مسجل عندنا.
I232,The salary is paid into iq76cbjo164414685100241 on the 25th of each month.
I233,الفاتورة رقم 458771 بقيمة 8410 ريال.
I234,الـ national ID بتاعه 1629964965 مسجل عندنا.
I235,اتصل بالمستشفى على 32024708 للحجز.
I236,"It connects with the Douglas Bay Horse Tramway at its southern terminus at Derby Castle at the northern end of the promenade in Douglas, and with the Snaefell Mountain Railway at Laxey."
I237,The identity of the donor remains confidential; 3555783043 donations were received.
I238,Its primary goal was to represent Quebec's interests in Ottawa and serve as a federal wing for the PQ.
I239,بعت الملف على yousef.hassan48@yahoo.com please check.
I240,Card ending 6368 was charged; full number 4028636863686368 (do not store).
I241,"McIntyre began playing first-class cricket for Hampshire during the Bournemouth Cricket Week of 1920, making his debut against Essex in the County Championship."
I242,قال مقبل الوادعي «وأقول في كون المراد بآية الحجاب قوله {يُدْنِينَ عَلَيْهِنَّ مِنْ جَلابِيبِهِنَّ} نظر.
I243,"Visit us at building 899, street 09, from 08:00 to 16:00."
I244,"She was the third Neoleonesa to win this title, but she was dethroned 10 months later on July 29, 2011."
I245,"Loyola Law School is the law school of Loyola Marymount University, a private Jesuit university in Los Angeles, California."
I246,Card ending 6417 was charged; full number 4900641764176417 (do not store).
I247,The population was 549 as of 2010.
I248,Reach our branch on +۹۶۴-۷۷۱-۳۴۰-۵۶۹۷ for appointments.
I249,"My number changed to +٩٦٦ ٥٦ ٠٨٤ ٩٦٨١, please update your records."
I250,ميجيل أبيولس برات (رودا دي تير، برشلونة، ١٩٤٥ - برشلونة، ٢٧ أكتوبر ٢٠٢٤) كان كاتبًا وكاتب سيناريو إسبانيًا باللغة الكتالانية.
I251,محمد عبد الرحمن خليفة زعيم الإخوان المسلمين في الأردن (1953 - 1994).
I252,ثم جاءت دوت نت 2008 لتتيح تعريف الأنواع المجهولة Anonymous Types، وكتابة طرق إضافية Extended Methods للفئات الجاهزة الموجودة في اللغة، بالإضافة إلى استخدام الاستعلام المتكامل LINQ.
I253,The salary is paid into EG83 1504 2196 1559 0554 9672 6607 2 on the 25th of each month.
I254,Flight SV425 leaves from gate 49A at 14:05.
I255,This edition was played by the 24 teams of the 1988–89 ACB season.
I256,Her husband was considered to be her social superior so she was one of the last women to be burned at the stake (after being killed).
I257,2000 أي أف 41 (ويعرف أيضًا باسم (25621) 2000 أي أف 41 وفق تسمية الكوكب الصغير) (الإنجليزية: 2000 AF41)؛ هو كويكب ضمن حزام الكويكبات.
I258,"Emergency contact: Mr. Khalid, tel. ００９６６５９７９３７６７８."
I259,الـ IBAN الخاص بي AE56 3348 0837 4646 4413 577 حول عليه.
I260,انطلقت الحملة الفلسطينية للمقاطعة الأكاديمية والثقافية لإسرائيل (PACBI) في أبريل 2004م من قبل مجموعة من الأكاديميين والمثقفين الفلسطينيين في رام الله، في الضفة الغربية، كجزء من حركة المقاطعة وسحب الاستثمارات وفرض العقوبات (BDS).
I261,للاستفسار يرجى الاتصال بالرقم 0729930007 خلال ساعات الدوام.
I262,وعاش أيضًا جزءًا من حياته في بلغراد.
I263,"William McIntyre, he was born in May 1889 at Hartley Wintney, Hampshire."
I264,Call +973 3946 3845 or write to yousef.ahmed7@yahoo.com to reschedule.
I265,اتصل بالمستشفى على +964.771.931.8549 للحجز.
I266,كلمني على +971-54-411-0145 when you land.
I267,الشحنة 858427508 وصلت إلى الميناء.
I268,وفازت جنيفر هايل بالميدالية الذهبية الأولى لكندا في الألعاب الأولمبية الشتوية 2006 في تورينو، إيطاليا وفازت بالميدالية الفضية في دورة الألعاب الأولمبية الشتوية 2010 في فانكوفر، والذي كان أيضا أول ميدالية لكندا في تلك البطولة.
I269,The visa application lists national ID 2857809752 for the main applicant.
I270,Sir John Bankes (1589 – 28 December 1644) was an English lawyer and politician who sat in the House of Commons between 1624 and 1629.
I271,محمود طرحة (مواليد 1 أبريل 1962) رافع أثقال لبناني.
I272,Her work address is omar.yousef3@uotechnology.edu.iq; she checks it daily.
I273,وذكر ابنُ الكلبي: «كأنها كانت ماشطة تقيِّنُ النساء بمكة».
I274,"In the 1980s and 1990s, four employees of the park—Mark Despault, Mike Bernier, Rob Hollett and Jeff Allen—formed the band The Wakami Wailers."
I275,رقم الآيبان الخاص بالجمعية هو eg931106482526517860697651056.
I276,Call +973 3977 2939 or write to layla.ahmed22@outlook.com to reschedule.
I277,وترأس بعثة الأمم المتحدة في البوسنة والهرسك الممثل الخاص للأمين العام الذي عينه الأمين العام كوفي عنان.
I278,الـ national ID بتاعه 1511697419 مسجل عندنا.
I279,Reach our branch on +٩٧١ (٥٦) ١٦٢ ٨٦٧٩ for appointments.
I280,رقم هوية الطالب 1687280831 مسجل في الجامعة.
I281,الفاتورة رقم 667025 بقيمة 8970 ريال.
I282,The 1830 Log House Association restored the house and now uses it for educational purposes.
I283,Population: 6896436516 (2020 estimate).
I284,"Adelina Ismaili (Albanian pronunciation: [adɛˈlina iˈsmajli]; born 14 December 1979) is a Kosovar singer, actress, and beauty pageant winner."
I285,"Kolář also competed as a road bicycle racer between 2012 and 2018 for the Dukla Trenčín–Trek, Tinkoff and Bora–Hansgrohe teams."
I286,"The decline of forest habitat in this species range, especially the Amazon rainforest, led the IUCN to uplist the ornate hawk-eagle as Near Threatened in 2016."
I287,"Visit us at building 176, street 20, from 08:00 to 16:00."
I288,Reference no. 017145774 refers to the 2021 audit.
I289,"The street is named for John Coape Sherbrooke, the Governor General of British North America from 1816 to 1818."
I290,The report has 214 pages and was printed in 9704 copies.
I291,He is the head of the Afghanistan Liberation Party and was heavily involved in the factional fighting that consumed Afghanistan throughout the 1990s.
I292,"Eventually she shows him an image of the Heavenly City, and herself as part of the retinue of Christ the Lamb."
I293,أخرج فيلم Master (2021) الذي حقق نجاحًا تجاريًا.
I294,Dial *502# to check your balance.
I295,كارلوس ألفارادو رييس (الإسبانية: Carlos Alvarado Reyes) هو دراج كوستاريكي، ولد في 8 ديسمبر 1954 في لوس أنجلوس في الولايات المتحدة، وتوفي في 25 يناير 1998.
I296,رقم هاتف المدير +964 771 645 3144 ويمكنك مراسلته أيضًا.
I297,"It may refer to:

Dunavac, a suburban settlement of Belgrade
Dunavac (Ostrovo), a former arm of Danube around  Ostrovo peninsula
Dunavac is the name of several arms of Danube in Slavic languages"
I298,افتح الباب رقم 66 في الطابق 8.
I299,Applicants should send CVs to omar.noor2@outlook.com before the deadline.
I300,في عام 2010، ذكرت مراجعة للأمم المتحدة أن التحقيق كان غير كاف وأن المزاعم تفتقر إلى الجدارة، بما في ذلك الإخفاق التام في إخطار كلاين بالادعاءات والسماح له بفرصة الرد عليها.
I301,أوستين ميرفي (الإنجليزية: Austin Murphy) (17 يونيو 1927 – 13 أبريل 2024) هو محامي وسياسي أمريكي، ولد في 17 يونيو 1927 في الولايات المتحدة.
I302,Flight SV351 leaves from gate 96A at 14:05.
I303,مارس التصوير في القدس لمدَّة عقد من السنين، قبل هجرته إلى الولايات المتّحدة عام 1859 حيث عمل راهبًا ومصورًا.
I304,1999 جاي أف 84 (ويعرف أيضًا باسم (33650) 1999 جاي أف 84 وفق تسمية الكوكب الصغير) (الإنجليزية: 1999 JF84)؛ هو كويكب ضمن حزام الكويكبات.
I305,The report has 719 pages and was printed in 3343 copies.
I306,The salary is paid into iq08rafb215816477540447 on the 25th of each month.
I307,The visa application lists national ID 2108696720 for the main applicant.
I308,Call +965 6042 5116 or write to noor.yousef97@outlook.com to reschedule.
I309,الـ IBAN الخاص بي JO72 BMAG 9755 5066 3448 2590 4083 81 حول عليه.
I310,Passport no. A19643866 was renewed last spring.
I311,الـ national ID بتاعه 1322953068 مسجل عندنا.
I312,Her work address is noor.noor25@gmail.com; she checks it daily.
I313,For complaints write to fatima.fatima65@yahoo.com and quote your reference.
I314,The salary is paid into sa0962884712052277210282 on the 25th of each month.
I315,وُضعت وطُوِّرت فكرة جهاز تحليل النَفَس في النصف الأول من عام 2020 من قبل شركات مختلفة في العديد من الدول المختلفة كالولايات المتحدة الامريكية وفنلندا والمملكة المتحدة وأستراليا والمانيا.
I316,الـ national ID بتاعه 1074608182 مسجل عندنا.
I317,Her student number is 62800971.
I318,Parcel tracking code 8574704992 is not yet active.
I319,The identity of the donor remains confidential; 0935068734 donations were received.
I320,هناك عدة طرق رياضية للتعرف على النظم منها ما يعتمد على الشبكات العصبونية ومنها ما يعتمد على مقاربة إحصائية كتحليل الارتباط إلخ من الطرائق الرياضية الموجودة.
I321,Parcel tracking code 5660381346 is not yet active.
I322,بعت الملف على mariam.layla77@outlook.com please check.
I323,اتصل بالمستشفى على +965 555 73725 للحجز.
I324,فإنْ كان الانتداب الفرنسي على سوريا قد قسّم ما يعرف باسم «الولايات السورية العثمانية» إلى ثمانية كيانات فإن خمسة منها قد اتحدت مجددًا بشكل تدريجي حتى عام 1936 لتشكل الجمهورية والهوية السورية بالمعنى المتعارف عليه اليوم.
I325,عنوان المراسلة الخاص بالقسم هو noor.layla38@gmail.com.
I326,It was consolidated to Pöytyä on 1 January 2009.
I327,Account balance: 598156.75 SAR as of yesterday.
I328,توسع وجهة النظر الناشئة هذا القطاع ليشمل التحرير للمؤلفين الذين يكتبون بلغة ثانية وخاصة الإنجليزية للتواصل الدولي.
I329,الـ IBAN الخاص بي KW69 RAFB 6705 6387 8819 5527 6138 58 حول عليه.
I330,"My number changed to +20.12.23190358, please update your records."
