sentence_id,lang,source,text
W000,ar,ar.wikipedia:3784154#1,وهو مشروع واسع النطاق يقوم فيه الجمهور (يدعون «المنتجون الوطنيون») بإنتاج «فرقة فتيان» عبرَ اختيار 11 عضوا من بين 101 متدربا من 54 شركة ترفيهية.
W001,en,en.wikipedia:52841503#2,Most of the data on the breed dates to 1983.
W002,ar,ar.wikipedia:3902478#3,أكبرها، NGC 1049، الذي تم اكتشافه قبل المجرة نفسها.
W003,ar,ar.wikipedia:36861#1,مذيع ومقدِّم برامج ومعلِّق رياضي وصحفي ورئيس تحرير.
W004,ar,ar.wikipedia:7865954#10,قامت بعثة الأمم المتحدة بإعادة هيكلة وتقليص قوة شرطة ما قبل الحرب البالغ عددها 44000 إلى حوالي 16000 فرد مدرب.
W005,ar,ar.wikipedia:3581761#3,CoffeeScript مدعومة في روبي على القضبان الإصدار 3.1 وبلاي فرايمورك.
W006,ar,ar.wikipedia:2772193#5,"إلى جانب الضربات، التدريس يرتكز على الكاتا وتطبيقاتها، بما في ذلك ""كاتا من 31 حركة""، وعلى تمارين إثنين متمرنين معا (kumijo)."
W007,ar,ar.wikipedia:2889599#12,بمناسبة زواجه، حمودة الشاهد، من أغنياء ونبلاء العاصمة، وأحد مالكي مجموعة من مصنعي الشاشية، استحوذ على القصر من خلال عملية قانونية تسمح للقصر بالبقاء تحت نظام الوقف.
W008,ar,ar.wikipedia:294015#0,دومبيير-سور-شالارون (الفرنسية: Dompierre-sur-Chalaronne) هي بلدية فرنسية تقع في إقليم الآن في فرنسا.
W009,ar,ar.wikipedia:5124760#2,أما مع النوادي، فقد لعب مع آلتاي إزمير وغلطة سراي وكايسري سبور ونادي تورك تليكوم.
W010,en,en.wikipedia:4813277#14,"Like many of Guthrie's later recordings, these songs contain an element of social activism, and would be an important influence on later musicians, including Pete Seeger, Bob Dylan, Bruce Springsteen, Phil Ochs and Joe Strummer."
W011,en,en.wikipedia:27440407#10,"On August 3, 2011, was announced that she would take the Nuestra Belleza Mundo México 2010 title and so she competed in Miss World 2011 in United Kingdom."
W012,ar,ar.wikipedia:5982580#1,لعب مع نادي أونيفرسيداد كاتوليكا.
W013,en,en.wikipedia:46273484#2,"Crouch was a sales director for a printing firm before entering parliament, and won a close preselection against former federal government minister Jim Lloyd by a single vote."
W014,ar,ar.wikipedia:8695518#1,في الوقت الحاضر، الجزيرة منقسمة سياسياً.
W015,en,en.wikipedia:32691356#9,Their son James Grove Fulton was a lifelong bachelor and served in the U.S.
W016,en,en.wikipedia:14155825#4,"Glacken played two seasons with the Denver Broncos, leading them to a 1967 exhibition victory over the Detroit Lions, the first time an American Football League (AFL) club defeated a team from the rival National Football League (NFL)."
W017,ar,ar.wikipedia:6445479#0,1999 جاي أف 84 (ويعرف أيضًا باسم (33650) 1999 جاي أف 84 وفق تسمية الكوكب الصغير) (الإنجليزية: 1999 JF84)؛ هو كويكب ضمن حزام الكويكبات.
W018,ar,ar.wikipedia:3208355#2,منهين مهمتهم مع الفريق الأول بنجاح كبير في أفضل حالاته الفنية والمعنوية.
W019,ar,ar.wikipedia:9312370#0,ميدالية الصومال (الفرنسية: Médaille de la Somalie) هي ميدالية حملة أنشأها عام 1992 الملك الكندي في المجلس للاعتراف بأفراد القوات الكندية الذين شاركوا بشكل مباشر في غزو التحالف العسكري الدولي لتحقيق الاستقرار في الصومال بعد اندلاع حربها الأهلية.
W020,ar,ar.wikipedia:1423880#0,قرية بهجورة هي إحدى القرى التابعة لمركز نجع حمادى في محافظة قنا في جمهورية مصر العربية.
W021,ar,ar.wikipedia:4215268#0,مقاطعة إيدا فيرو (الإنجليزية: Ida-Viru County) هي مقاطعة في إستونيا، تتبع إستونيا، بلغ عدد سكانها 149٬483  نسمة، في 1 يناير 2014، عاصمتها جوفي، تبلغ مساحتها 3٬364٫0 كيلومتر مربع.
W022,ar,ar.wikipedia:3581761#4,في عام 2011، أشار برندان آيخ إلى أن CoffeeScript تؤثر على أفكاره حول مستقبل جافا سكريبت.
W023,en,en.wikipedia:16360780#4,"Also, some matches hosted at the stadium involve Japanese youth national teams and Tokyo Verdy's matches."
W024,en,en.wikipedia:16062607#12,"The album's lead single, ""All the Right Moves"", became a top ten hit in multiple countries, including Ireland and Switzerland."
W025,ar,ar.wikipedia:6468422#0,1998 أس أكس 134 (ويعرف أيضًا باسم (69898) 1998 أس أكس 134 وفق تسمية الكوكب الصغير) (الإنجليزية: 1998 SX134)؛ هو كويكب ضمن حزام الكويكبات.
W026,en,en.wikipedia:36141978#2,The prima‌ry outflow is the Marten River.
W027,ar,ar.wikipedia:7439202#3,وبالتالي، توجد تحليلات مقابلة على المستوى الجزئي.
W028,ar,ar.wikipedia:2913274#1,كانت بسرة عند المغيرة بن أبي العاص فولدت له معاوية بن المغيرة، وهو الذي قُتل منصرف رسول الله من غزوة أُحُد، وهو جد عبد الملك بن مروان وأمُّ عبد الملك هي عائشة بنت معاوية بن المغيرة، وكانت عائشة تحت مروان بن الحكم.
W029,ar,ar.wikipedia:1585270#5,الإشارة المرجعية له وفق الملحق الدوري لمدارات الكويكبات هي MPO229959‏
W030,ar,ar.wikipedia:6425627#0,2000 أي أف 41 (ويعرف أيضًا باسم (25621) 2000 أي أف 41 وفق تسمية الكوكب الصغير) (الإنجليزية: 2000 AF41)؛ هو كويكب ضمن حزام الكويكبات.
W031,en,en.wikipedia:57141412#5,"Representative and 1896 Democratic presidential nominee William Jennings Bryan and his running mate, former Vice President Adlai Stevenson I."
W032,en,en.wikipedia:40177437#2,"For the 2014 season, Kolář joined UCI World Tour team, Tinkoff–Saxo, from the Dukla Trenčín–Trek team."
W033,ar,ar.wikipedia:4840149#0,كتلة التمايز 154 (CD154) أو ربيطة كتلة التمايز 40 (CD40L) هو بروتين يتم التعبيرعنه في الخلايا التائية المفعلة حيث يرتبط بكتلة التمايز 40 على الخلايا المقدمة للمستضد مؤدياً إلى تحفيز أثر معين فيها على حسب نوعها.
W034,ar,ar.wikipedia:36861#3,اشتَهَر بتعليقه على نهائيات بعض البطولات العالمية مثل المباراة النهائية لكأس العالم 1994 وكأس العالم 1998.
W035,ar,ar.wikipedia:7702975#4,"معظم الأراضي في جبال ديفيس هي ملكية خاصة كأراضي المزارعين ، لكن منظمة الحفاظ على الطبيعة تمتلك أو لديها حماية الطبيعة على أكثر من 100,000 أكر (40,000 ها) ."
W036,ar,ar.wikipedia:7855731#3,تحدد رابطة صناعة اللغة الأوروبية هذا القسم في الترجمة والتعريب والتدويل والعولمة.
W037,en,en.wikipedia:1599519#0,Southern United States literature consists of American literature written about the Southern United States or by writers from the region.
W038,en,en.wikipedia:42483816#1,"Where the shell of a boiler or other pressure vessel is made of cylindrical or (part) spherical elements, the internal pressure will be contained without distortion."
W039,en,en.wikipedia:12891558#1,In 1980 he won the silver medal with the Soviet team.
W040,ar,ar.wikipedia:6450848#0,2000 يو أن 42 (ويعرف أيضًا باسم (37057) 2000 يو أن 42 وفق تسمية الكوكب الصغير) (الإنجليزية: 2000 UN42)؛ هو كويكب ضمن حزام الكويكبات.
W041,ar,ar.wikipedia:7855731#5,توسع وجهة النظر الناشئة هذا القطاع ليشمل التحرير للمؤلفين الذين يكتبون بلغة ثانية وخاصة الإنجليزية للتواصل الدولي.
W042,ar,ar.wikipedia:9974009#15,تم تسمية أحد الشوارع في بريزرين باسمه.
W043,en,en.wikipedia:78533979#2,He won the 2022 Himachal Pradesh Legislative Assembly election representing the Indian National Congress.
W044,ar,ar.wikipedia:4944205#1,موطنها المناطق المدارية في العالم الجديد من المكسيك إلى بوليفيا.
W045,ar,ar.wikipedia:1957742#0,بييفي ديل كايرو (الإيطالية: Pieve del Cairo) هي بلدة تقع في مقاطعة بافيا بإقليم لومبارديا في شمال إيطاليا.
W046,ar,ar.wikipedia:102364#4,أما التركيبة الطائفية للقضاء وفقاً للناخبين المسجلين فتتشكل من الشيعة الإثني عشرية والروم الأرثوذكس والموارنة والمسلمين السُنّة والروم الكاثوليك والدروز والإنجيليون وأقليات أخرى متنوعة.
W047,ar,ar.wikipedia:5412729#2,وقد انتخب عضو مجلس نواب إلينوي وانتخب وزير خارجية إلينوي ‏ (12 يناير 1981 – 14 يناير 1991) وانتخب حاكم إلينوي ‏ (14 يناير 1991 – 11 يناير 1999).
W048,ar,ar.wikipedia:9974009#8,يشير الاسم البديل نقشبندي سوزي إلى أنه ينتمي إلى الطريقة النقشبندية الصوفية.
W049,en,en.wikipedia:26411619#15,"In these, he scored 493 runs at an average of 11.46, with one half century."
W050,en,en.wikipedia:53204398#3,"Ó Gráinne was strongly influenced by his fellow Connemara-man, Máirtín Ó Cadhain whose death he felt left a hole in the leadership of the Irish-language movement."
W051,en,en.wikipedia:62722592#1,"He was the son of William Burdon, and matriculated at Emmanuel College, Cambridge in 1817."
W052,ar,ar.wikipedia:3296579#1,الدعاية النازية إعلان دعاية (مصطلح): شكل من أشكال التواصل يهدف إلى التأثير على الجمهور من خلال عرض وجهة نظر واحدة.
W053,ar,ar.wikipedia:9379333#1,Barão 2) هو حدث لفنون القتال المختلطة نظمته يو إف سي، أُقيم في 25 يوليو 2015، على يونايتد سنتر في شيكاغو، إلينوي، الولايات المتحدة.
W054,ar,ar.wikipedia:6426154#0,2000 أي تي 65 (ويعرف أيضًا باسم (25641) 2000 أي تي 65 وفق تسمية الكوكب الصغير) (الإنجليزية: 2000 AT65)؛ هو كويكب ضمن حزام الكويكبات.
W055,ar,ar.wikipedia:3430935#0,رجل الرمل(بالإنجليزية:The Sandman) هي سلسلة قصص أمريكية مصورة (هزلية) خيالية، كتبها نيل غيمان، صدر منها 75 عددًا، خلال الفترة (يناير 1989 إلى مارس 1996).
W056,ar,ar.wikipedia:7174262#10,فالغرض الأساسي لمشروع القناة هو تيسير حركة الشحن وزيادة الإيرادات من خلال توفير طريق بحري بديل.
W057,en,en.wikipedia:41098259#2,The movie is produced by Graphic India and POW!
W058,ar,ar.wikipedia:6466621#0,1999 تي أم 107 (ويعرف أيضًا باسم (60052) 1999 تي أم 107 وفق تسمية الكوكب الصغير) (الإنجليزية: 1999 TM107)؛ هو كويكب ضمن حزام الكويكبات.
W059,en,en.wikipedia:62389500#0,Justice Danforth may refer to: 
W060,en,en.wikipedia:5633562#2,The first two stories of the trilogy are West of Eden and Winter in Eden.
W061,en,en.wikipedia:13920197#7,"The street is named for John Coape Sherbrooke, the Governor General of British North America from 1816 to 1818."
W062,ar,ar.wikipedia:6427276#0,2000 دابليو بي 55 (ويعرف أيضًا باسم (23227) 2000 دابليو بي 55 وفق تسمية الكوكب الصغير) (الإنجليزية: 2000 WP55)؛ هو كويكب ضمن حزام الكويكبات.
W063,en,en.wikipedia:27440407#13,She was the first Sudcaliforniana to win this title.
W064,en,en.wikipedia:1364111#7,The PPA dictates how much the project can generate for each month of the Nepali Calendar.
W065,en,en.wikipedia:28409528#2,It is now included with the rest of the municipality in the Drava Statistical Region.
W066,en,en.wikipedia:58402086#3,The race was won by Mercedes driver Lewis Hamilton ahead of teammate Valtteri Bottas and Ferrari's Charles Leclerc.
W067,en,en.wikipedia:78053249#4,"Note that even though this article is titled ""weight initialization"", both weights and biases are used in a neural network as trainable parameters, so this article describes how both of these are initialized."
W068,en,en.wikipedia:12432375#1,"The Isle of Man Customs, Harbours, and Public Purposes Act 1866 (29 & 30 Vict."
W069,en,en.wikipedia:6087474#0,"Some Kind of Strange is the third studio album by Collide, released on April 22, 2003 by Noiseplus Music."
W070,en,en.wikipedia:802055#5,Both are floor looms in which every warp thread on the loom is attached to a single shaft using a device called a heddle.
W071,ar,ar.wikipedia:9557993#3,يتم نشر المجلة من قبل شركة Elsevier نيابة عن المنظمة الدولية لأبحاث الدماغ (IBRO).
W072,ar,ar.wikipedia:2933078#0,مجلس عُمان  مجلس يجمع كلّاً من مجلسي الشورى والدولة العمانيين، ويبين القانون اختصاصات كل منهما ومدته وأدوار انعقاده ونظام عمله.
W073,ar,ar.wikipedia:10014970#4,ومن خلال استثماراته في الأخشاب في الجنوب الأمريكي والأعمال المصرفية والعقارات، أصبح باك من أصحاب الملايين.
W074,en,en.wikipedia:50712557#3,"However, Russian authorities try to charge her with ""degrading the dignity"" of state officials and endangering Russia's statehood, after she has criticized the Russian president Vladimir Putin in her video named ""An Appeal to Putin""."
W075,ar,ar.wikipedia:543939#4,ظهرت الطائرة لأول مرة في معرض الهند الجوي عام 2007.
W076,ar,ar.wikipedia:5393747#0,الكسندر شيلدون (الإنجليزية: Alexander Sheldon) هو طبيب وسياسي أمريكي، ولد في 23 أكتوبر 1766 في الولايات المتحدة، وتوفي في 10 سبتمبر 1836 في مقاطعة مونتغومري في الولايات المتحدة.
W077,en,en.wikipedia:48615461#1,"Previously a community school administered by Herefordshire Council, Whitecross Hereford High School converted to academy status in January 2013."
W078,en,en.wikipedia:50712557#5,"If she is convicted, she could face up to two years in prison."
W079,en,en.wikipedia:27460872#2,The country calling code is +359.
W080,ar,ar.wikipedia:9551603#12,في حين تبلغ تكلفة الجملة في الولايات المتحدة 2.82 دولارًا أمريكيًا للجرعة اعتبارًا من عام 2019.
W081,en,en.wikipedia:8899914#0,"Cheryl McKay is an American author and screenwriter, from Los Angeles, California."
W082,ar,ar.wikipedia:10384722#0,الحلقات النانوية المغناطيسية (الإنجليزية: Magnetic nanoring) هي نوع من الجسيمات النانوية المغناطيسية، تُصنع عادةً من أكسيد الحديد على شكل حلقة.
W083,ar,ar.wikipedia:341514#5,ومع ظهور الهواتف المحمولة، أصبحت شركات الهاتف الآن تشمل شركات الاتصالات اللاسلكية أو مشغلي شبكات الهاتف المحمول.
W084,ar,ar.wikipedia:55459#4,باب الفتوح (مراكش): باب الفتوح (مراكش).
W085,en,en.wikipedia:5633562#6,Kerrick eventually escapes to rejoin his own people and burn the Yilanè colony city.
W086,en,en.wikipedia:77303426#0,The 1902 AAA Championships was the 1902 edition of the annual outdoor track and field competition organised by the Amateur Athletic Association (AAA).
W087,en,en.wikipedia:78053249#0,"In deep learning, weight initialization or parameter initialization describes the initial step in creating a neural network."
W088,ar,ar.wikipedia:4620762#1,1991  م) هو لاعب كرة القدم، من آيسلندا، ولد في أكوريري، شارك في بطولة أمم أوروبا لكرة القدم 2016، يلعب كمُدَافِع، وظهير (كرة القدم).
W089,ar,ar.wikipedia:8988334#0,وزارة شؤون المحاربين القدامى (الإنجليزية: Department of Veterans' Affairs) هي وزارة في حكومة أستراليا تأسست عام 1976وهي مكلفة بتقديم البرامج الحكومية للمحاربين القدامى وأفراد قوات الدفاع الأسترالية والشرطة الفيدرالية الأسترالية وعائلاتهم.
W090,ar,ar.wikipedia:7174262#11,ومع ذلك فإن قدرة القناة المحتملة على إنهاء ما يقرب من قرن من القيود التي فرضها نظام مونترو لم يتجاهلها المعلقون والسياسيون على حد سواء.
W091,ar,ar.wikipedia:5315930#0,ليتل ميلتون (الإنجليزية: Little Milton) (و.
W092,en,en.wikipedia:47419336#0,Swing hitch is a way to tie a swing rope to a branch or other horizontal beam.
W093,ar,ar.wikipedia:9772#6,تشير الأدلة الأثرية إلى أنه تم إنشاؤه من قبل قدماء المصريين في عصر المملكة القديمة خلال حكم الفرعون خفرع (حوالي 2558–2532 قبل الميلاد).
W094,ar,ar.wikipedia:6462847#0,2000 تي أكس 38 (ويعرف أيضًا باسم (62708) 2000 تي أكس 38 وفق تسمية الكوكب الصغير) (الإنجليزية: 2000 TX38)؛ هو كويكب ضمن حزام الكويكبات.
W095,en,en.wikipedia:27440407#2,Ontiveros was crowned by outgoing Nuestra Belleza México titleholder and Miss Universe 2010 Ximena Navarrete.
W096,ar,ar.wikipedia:7864863#6,ثم تم تمديد ولاية مكتب الأمم المتحدة مرة أخرى حتى 25 آب / أغسطس 2006.
W097,en,en.wikipedia:15636395#0,"Shine Honesty is the first studio album by the band Quiet Company released on March 20, 2006, by Northern Records of Los Angeles California."
W098,ar,ar.wikipedia:9998313#2,ويغطي الموسم الفترة من 1 يوليو 2025 إلى 30 يونيو 2026.
W099,ar,ar.wikipedia:10451503#0,تُعد قوانين الملاذ الآمن (المعروفة اصطلاحياً في بعض الولايات باسم قوانين الطفل موسى، وهي إشارة إلى شخصية من الكتب المقدسة الإبراهيمية) تشريعات في الولايات المتحدة تُلغي تجريم ترك الرضع غير المصابين بأذى لدى أشخاص خاصين معينين قانوناً، بحيث يصبح الطفل خاضعاً لوصاية الدولة.
W100,ar,ar.wikipedia:5315930#1,1934 – 2005 م) موسيقي، ومغني، وعازف قيثارة، في إنفيرنيس، قيثارة، وصوت بشري، في ممفيس، تينيسي، عن عمر يناهز 71 عامًا، بسبب سكتة.
W101,en,en.wikipedia:69106877#1,"As a child, she toured North America and gained notoriety as a talented tragedienne."
W102,en,en.wikipedia:18005603#3,Black 305 is a common leuco dye product for thermal paper.
W103,en,en.wikipedia:45040996#1,It is governed by Colombia as part of Cartagena de Indias (76km).
W104,ar,ar.wikipedia:10481113#4,نُقِّح العمل ووُسِّع في الأعوام 1965 و1977 و2001، وأُعيد إصداره عدة مرات؛ حيث صدرت آخر طبعة في حياة المؤلف عام 2012، في حين تعود آخر طبعة معروفة إلى عام 2022.
W105,ar,ar.wikipedia:5344928#2,أما مع النوادي، فقد لعب مع Faisalabad cricket team ‏ وNational Bank of Pakistan cricket team ‏.
W106,ar,ar.wikipedia:8793873#4,يمكن أن يقلل إكلاس الهيكل من خسائر الطين والمواد المغذية من ركام التربة.
W107,ar,ar.wikipedia:6415760#0,1999 تي إتش 17 (ويعرف أيضًا باسم (22902) 1999 تي إتش 17 وفق تسمية الكوكب الصغير) (الإنجليزية: 1999 TH17)؛ هو كويكب ضمن حزام الكويكبات.
W108,en,en.wikipedia:32528659#2,"The charity operates internationally but is based in the United Kingdom, Charity Number 1159590, registered in 2006 in England and Wales."
W109,en,en.wikipedia:31420256#6,This represented a decline from the 86.72% share it achieved in the 1968 general elections.
W110,en,en.wikipedia:74873992#5,Troell served as the last Surgeon-in-Chief of the Swedish Navy and head of the Swedish Naval Medical Officers' Corps from 1959 to 1969.
W111,en,en.wikipedia:36141978#1,It is located near the settlement of Redwater.
